date,sunset_time_pdt,sunset_score_1_to_10,eugene_cloud_cover_pct,eugene_cloud_low_pct,eugene_cloud_mid_pct,eugene_cloud_high_pct,eugene_humidity_pct,eugene_visibility_m,eugene_precipitation_mm,coast_gap_cloud_cover_pct,coast_gap_cloud_low_pct,coast_gap_cloud_mid_pct,coast_gap_cloud_high_pct,coast_gap_humidity_pct,coast_gap_visibility_m,coast_gap_precipitation_mm
2026-06-24,20:59,,,,,,,,,,,,,,,
2026-06-25,20:59,,,,,,,,,,,,,,,
2026-06-26,20:59,,,,,,,,,,,,,,,
2026-06-27,20:59,,,,,,,,,,,,,,,
2026-06-28,20:59,,,,,,,,,,,,,,,
2026-06-29,20:59,,,,,,,,,,,,,,,
2026-06-30,20:59,,,,,,,,,,,,,,,
2026-07-01,20:59,,,,,,,,,,,,,,,
2026-07-02,20:59,,,,,,,,,,,,,,,
2026-07-03,20:59,,,,,,,,,,,,,,,
2026-07-04,20:59,,,,,,,,,,,,,,,
2026-07-05,20:58,,,,,,,,,,,,,,,
2026-07-06,20:58,,,,,,,,,,,,,,,
2026-07-07,20:58,,,,,,,,,,,,,,,
2026-07-08,20:57,,,,,,,,,,,,,,,
2026-07-09,20:57,,,,,,,,,,,,,,,
2026-07-10,20:57,,,,,,,,,,,,,,,
2026-07-11,20:56,,,,,,,,,,,,,,,
2026-07-12,20:56,,,,,,,,,,,,,,,
2026-07-13,20:55,,,,,,,,,,,,,,,
2026-07-14,20:54,,,,,,,,,,,,,,,
2026-07-15,20:54,,,,,,,,,,,,,,,
2026-07-16,20:53,,,,,,,,,,,,,,,
2026-07-17,20:52,,,,,,,,,,,,,,,
2026-07-18,20:52,,,,,,,,,,,,,,,
2026-07-19,20:51,,,,,,,,,,,,,,,
2026-07-20,20:50,,,,,,,,,,,,,,,
2026-07-21,20:49,,,,,,,,,,,,,,,
2026-07-22,20:48,,,,,,,,,,,,,,,
2026-07-23,20:48,,,,,,,,,,,,,,,
2026-07-24,20:47,,,,,,,,,,,,,,,
2026-07-25,20:46,,,,,,,,,,,,,,,
2026-07-26,20:45,,,,,,,,,,,,,,,
2026-07-27,20:44,,,,,,,,,,,,,,,
2026-07-28,20:43,,,,,,,,,,,,,,,
2026-07-29,20:41,,,,,,,,,,,,,,,
2026-07-30,20:40,,,,,,,,,,,,,,,
2026-07-31,20:39,,,,,,,,,,,,,,,
2026-08-01,20:38,,,,,,,,,,,,,,,
2026-08-02,20:37,,,,,,,,,,,,,,,
2026-08-03,20:36,,,,,,,,,,,,,,,
2026-08-04,20:34,,,,,,,,,,,,,,,
2026-08-05,20:33,,,,,,,,,,,,,,,
2026-08-06,20:32,,,,,,,,,,,,,,,
2026-08-07,20:30,,,,,,,,,,,,,,,
2026-08-08,20:29,,,,,,,,,,,,,,,
2026-08-09,20:28,,,,,,,,,,,,,,,
2026-08-10,20:26,,,,,,,,,,,,,,,
2026-08-11,20:25,,,,,,,,,,,,,,,
2026-08-12,20:23,,,,,,,,,,,,,,,
2026-08-13,20:22,,,,,,,,,,,,,,,
2026-08-14,20:20,,,,,,,,,,,,,,,
2026-08-15,20:19,,,,,,,,,,,,,,,
2026-08-16,20:17,,,,,,,,,,,,,,,
2026-08-17,20:16,,,,,,,,,,,,,,,
2026-08-18,20:14,,,,,,,,,,,,,,,
2026-08-19,20:13,,,,,,,,,,,,,,,
2026-08-20,20:11,,,,,,,,,,,,,,,
2026-08-21,20:09,,,,,,,,,,,,,,,
2026-08-22,20:08,,,,,,,,,,,,,,,
2026-08-23,20:06,,,,,,,,,,,,,,,
2026-08-24,20:04,,,,,,,,,,,,,,,
2026-08-25,20:03,,,,,,,,,,,,,,,
2026-08-26,20:01,,,,,,,,,,,,,,,
2026-08-27,19:59,,,,,,,,,,,,,,,
2026-08-28,19:58,,,,,,,,,,,,,,,
2026-08-29,19:56,,,,,,,,,,,,,,,
2026-08-30,19:54,,,,,,,,,,,,,,,
2026-08-31,19:52,,,,,,,,,,,,,,,
2026-09-01,19:51,,,,,,,,,,,,,,,
2026-09-02,19:49,,,,,,,,,,,,,,,
2026-09-03,19:47,,,,,,,,,,,,,,,
2026-09-04,19:45,,,,,,,,,,,,,,,
2026-09-05,19:43,,,,,,,,,,,,,,,
2026-09-06,19:42,,,,,,,,,,,,,,,
2026-09-07,19:40,,,,,,,,,,,,,,,
2026-09-08,19:38,,,,,,,,,,,,,,,
2026-09-09,19:36,,,,,,,,,,,,,,,
2026-09-10,19:34,,,,,,,,,,,,,,,
2026-09-11,19:32,,,,,,,,,,,,,,,
2026-09-12,19:30,,,,,,,,,,,,,,,
2026-09-13,19:29,,,,,,,,,,,,,,,
2026-09-14,19:27,,,,,,,,,,,,,,,
2026-09-15,19:25,,,,,,,,,,,,,,,
2026-09-16,19:23,,,,,,,,,,,,,,,
2026-09-17,19:21,,,,,,,,,,,,,,,
2026-09-18,19:19,,,,,,,,,,,,,,,
2026-09-19,19:17,,,,,,,,,,,,,,,
2026-09-20,19:15,,,,,,,,,,,,,,,
2026-09-21,19:14,,,,,,,,,,,,,,,
2026-09-22,19:12,,,,,,,,,,,,,,,
2026-09-23,19:10,,,,,,,,,,,,,,,
2026-09-24,19:08,,,,,,,,,,,,,,,
2026-09-25,19:06,,,,,,,,,,,,,,,
2026-09-26,19:04,,,,,,,,,,,,,,,
2026-09-27,19:02,,,,,,,,,,,,,,,
2026-09-28,19:01,,,,,,,,,,,,,,,
2026-09-29,18:59,,,,,,,,,,,,,,,
2026-09-30,18:57,,,,,,,,,,,,,,,
2026-10-01,18:55,,,,,,,,,,,,,,,
